segment_id,forecast_day,survival_probability,cumulative_failure_probability
SEG-001,1,0.999785,0.000215
SEG-001,2,0.99957,0.00043
SEG-001,3,0.999355,0.000645
SEG-001,4,0.99914,0.00086
SEG-001,5,0.998925,0.001075
SEG-001,6,0.99871,0.00129
SEG-001,7,0.998494,0.001506
SEG-001,8,0.998279,0.001721
SEG-001,9,0.998064,0.001936
SEG-001,10,0.997849,0.002151
SEG-001,11,0.997633,0.002367
SEG-001,12,0.997418,0.002582
SEG-001,13,0.997203,0.002797
SEG-001,14,0.996987,0.003013
SEG-001,15,0.996772,0.003228
SEG-001,16,0.996557,0.003443
SEG-001,17,0.996341,0.003659
SEG-001,18,0.996126,0.003874
SEG-001,19,0.99591,0.00409
SEG-001,20,0.995695,0.004305
SEG-001,21,0.995479,0.004521
SEG-001,22,0.995264,0.004736
SEG-001,23,0.995048,0.004952
SEG-001,24,0.994832,0.005168
SEG-001,25,0.994617,0.005383
SEG-001,26,0.994401,0.005599
SEG-001,27,0.994185,0.005815
SEG-001,28,0.99397,0.00603
SEG-001,29,0.993754,0.006246
SEG-001,30,0.993538,0.006462
SEG-002,1,0.999743,0.000257
SEG-002,2,0.999486,0.000514
SEG-002,3,0.999228,0.000772
SEG-002,4,0.998971,0.001029
SEG-002,5,0.998714,0.001286
SEG-002,6,0.998457,0.001543
SEG-002,7,0.998199,0.001801
SEG-002,8,0.997942,0.002058
SEG-002,9,0.997685,0.002315
SEG-002,10,0.997427,0.002573
SEG-002,11,0.99717,0.00283
SEG-002,12,0.996912,0.003088
SEG-002,13,0.996655,0.003345
SEG-002,14,0.996398,0.003602
SEG-002,15,0.99614,0.00386
SEG-002,16,0.995883,0.004117
SEG-002,17,0.995625,0.004375
SEG-002,18,0.995367,0.004633
SEG-002,19,0.99511,0.00489
SEG-002,20,0.994852,0.005148
SEG-002,21,0.994595,0.005405
SEG-002,22,0.994337,0.005663
SEG-002,23,0.994079,0.005921
SEG-002,24,0.993822,0.006178
SEG-002,25,0.993564,0.006436
SEG-002,26,0.993306,0.006694
SEG-002,27,0.993049,0.006951
SEG-002,28,0.992791,0.007209
SEG-002,29,0.992533,0.007467
SEG-002,30,0.992275,0.007725
SEG-003,1,0.999826,0.000174
SEG-003,2,0.999652,0.000348
SEG-003,3,0.999479,0.000521
SEG-003,4,0.999305,0.000695
SEG-003,5,0.999131,0.000869
SEG-003,6,0.998957,0.001043
SEG-003,7,0.998783,0.001217
SEG-003,8,0.998609,0.001391
SEG-003,9,0.998435,0.001565
SEG-003,10,0.998261,0.001739
SEG-003,11,0.998087,0.001913
SEG-003,12,0.997913,0.002087
SEG-003,13,0.997739,0.002261
SEG-003,14,0.997564,0.002436
SEG-003,15,0.99739,0.00261
SEG-003,16,0.997216,0.002784
SEG-003,17,0.997042,0.002958
SEG-003,18,0.996867,0.003133
SEG-003,19,0.996693,0.003307
SEG-003,20,0.996519,0.003481
SEG-003,21,0.996345,0.003655
SEG-003,22,0.99617,0.00383
SEG-003,23,0.995996,0.004004
SEG-003,24,0.995821,0.004179
SEG-003,25,0.995647,0.004353
SEG-003,26,0.995472,0.004528
SEG-003,27,0.995298,0.004702
SEG-003,28,0.995123,0.004877
SEG-003,29,0.994949,0.005051
SEG-003,30,0.994774,0.005226
SEG-004,1,0.999931,6.9e-05
SEG-004,2,0.999862,0.000138
SEG-004,3,0.999793,0.000207
SEG-004,4,0.999724,0.000276
SEG-004,5,0.999655,0.000345
SEG-004,6,0.999586,0.000414
SEG-004,7,0.999517,0.000483
SEG-004,8,0.999448,0.000552
SEG-004,9,0.999379,0.000621
SEG-004,10,0.999309,0.000691
SEG-004,11,0.99924,0.00076
SEG-004,12,0.999171,0.000829
SEG-004,13,0.999102,0.000898
SEG-004,14,0.999033,0.000967
SEG-004,15,0.998963,0.001037
SEG-004,16,0.998894,0.001106
SEG-004,17,0.998825,0.001175
SEG-004,18,0.998756,0.001244
SEG-004,19,0.998686,0.001314
SEG-004,20,0.998617,0.001383
SEG-004,21,0.998548,0.001452
SEG-004,22,0.998478,0.001522
SEG-004,23,0.998409,0.001591
SEG-004,24,0.99834,0.00166
SEG-004,25,0.99827,0.00173
SEG-004,26,0.998201,0.001799
SEG-004,27,0.998131,0.001869
SEG-004,28,0.998062,0.001938
SEG-004,29,0.997992,0.002008
SEG-004,30,0.997923,0.002077
SEG-005,1,0.999776,0.000224
SEG-005,2,0.999552,0.000448
SEG-005,3,0.999328,0.000672
SEG-005,4,0.999104,0.000896
SEG-005,5,0.998879,0.001121
SEG-005,6,0.998655,0.001345
SEG-005,7,0.998431,0.001569
SEG-005,8,0.998207,0.001793
SEG-005,9,0.997982,0.002018
SEG-005,10,0.997758,0.002242
SEG-005,11,0.997534,0.002466
SEG-005,12,0.997309,0.002691
SEG-005,13,0.997085,0.002915
SEG-005,14,0.996861,0.003139
SEG-005,15,0.996636,0.003364
SEG-005,16,0.996412,0.003588
SEG-005,17,0.996187,0.003813
SEG-005,18,0.995963,0.004037
SEG-005,19,0.995738,0.004262
SEG-005,20,0.995514,0.004486
SEG-005,21,0.995289,0.004711
SEG-005,22,0.995065,0.004935
SEG-005,23,0.99484,0.00516
SEG-005,24,0.994615,0.005385
SEG-005,25,0.994391,0.005609
SEG-005,26,0.994166,0.005834
SEG-005,27,0.993941,0.006059
SEG-005,28,0.993716,0.006284
SEG-005,29,0.993492,0.006508
SEG-005,30,0.993267,0.006733
SEG-006,1,0.999881,0.000119
SEG-006,2,0.999762,0.000238
SEG-006,3,0.999643,0.000357
SEG-006,4,0.999524,0.000476
SEG-006,5,0.999404,0.000596
SEG-006,6,0.999285,0.000715
SEG-006,7,0.999166,0.000834
SEG-006,8,0.999047,0.000953
SEG-006,9,0.998927,0.001073
SEG-006,10,0.998808,0.001192
SEG-006,11,0.998689,0.001311
SEG-006,12,0.998569,0.001431
SEG-006,13,0.99845,0.00155
SEG-006,14,0.998331,0.001669
SEG-006,15,0.998211,0.001789
SEG-006,16,0.998092,0.001908
SEG-006,17,0.997972,0.002028
SEG-006,18,0.997853,0.002147
SEG-006,19,0.997733,0.002267
SEG-006,20,0.997614,0.002386
SEG-006,21,0.997494,0.002506
SEG-006,22,0.997374,0.002626
SEG-006,23,0.997255,0.002745
SEG-006,24,0.997135,0.002865
SEG-006,25,0.997015,0.002985
SEG-006,26,0.996896,0.003104
SEG-006,27,0.996776,0.003224
SEG-006,28,0.996656,0.003344
SEG-006,29,0.996536,0.003464
SEG-006,30,0.996416,0.003584
SEG-007,1,0.999476,0.000524
SEG-007,2,0.998952,0.001048
SEG-007,3,0.998428,0.001572
SEG-007,4,0.997904,0.002096
SEG-007,5,0.99738,0.00262
SEG-007,6,0.996856,0.003144
SEG-007,7,0.996332,0.003668
SEG-007,8,0.995809,0.004191
SEG-007,9,0.995285,0.004715
SEG-007,10,0.994762,0.005238
SEG-007,11,0.994239,0.005761
SEG-007,12,0.993715,0.006285
SEG-007,13,0.993192,0.006808
SEG-007,14,0.992669,0.007331
SEG-007,15,0.992146,0.007854
SEG-007,16,0.991624,0.008376
SEG-007,17,0.991101,0.008899
SEG-007,18,0.990578,0.009422
SEG-007,19,0.990056,0.009944
SEG-007,20,0.989533,0.010467
SEG-007,21,0.989011,0.010989
SEG-007,22,0.988489,0.011511
SEG-007,23,0.987967,0.012033
SEG-007,24,0.987445,0.012555
SEG-007,25,0.986923,0.013077
SEG-007,26,0.986401,0.013599
SEG-007,27,0.98588,0.01412
SEG-007,28,0.985358,0.014642
SEG-007,29,0.984836,0.015164
SEG-007,30,0.984315,0.015685
SEG-008,1,0.999911,8.9e-05
SEG-008,2,0.999821,0.000179
SEG-008,3,0.999732,0.000268
SEG-008,4,0.999643,0.000357
SEG-008,5,0.999553,0.000447
SEG-008,6,0.999464,0.000536
SEG-008,7,0.999374,0.000626
SEG-008,8,0.999285,0.000715
SEG-008,9,0.999195,0.000805
SEG-008,10,0.999106,0.000894
SEG-008,11,0.999016,0.000984
SEG-008,12,0.998927,0.001073
SEG-008,13,0.998837,0.001163
SEG-008,14,0.998748,0.001252
SEG-008,15,0.998658,0.001342
SEG-008,16,0.998568,0.001432
SEG-008,17,0.998479,0.001521
SEG-008,18,0.998389,0.001611
SEG-008,19,0.998299,0.001701
SEG-008,20,0.99821,0.00179
SEG-008,21,0.99812,0.00188
SEG-008,22,0.99803,0.00197
SEG-008,23,0.99794,0.00206
SEG-008,24,0.99785,0.00215
SEG-008,25,0.99776,0.00224
SEG-008,26,0.997671,0.002329
SEG-008,27,0.997581,0.002419
SEG-008,28,0.997491,0.002509
SEG-008,29,0.997401,0.002599
SEG-008,30,0.997311,0.002689
SEG-009,1,0.999846,0.000154
SEG-009,2,0.999691,0.000309
SEG-009,3,0.999537,0.000463
SEG-009,4,0.999383,0.000617
SEG-009,5,0.999228,0.000772
SEG-009,6,0.999074,0.000926
SEG-009,7,0.998919,0.001081
SEG-009,8,0.998765,0.001235
SEG-009,9,0.99861,0.00139
SEG-009,10,0.998456,0.001544
SEG-009,11,0.998301,0.001699
SEG-009,12,0.998146,0.001854
SEG-009,13,0.997992,0.002008
SEG-009,14,0.997837,0.002163
SEG-009,15,0.997682,0.002318
SEG-009,16,0.997528,0.002472
SEG-009,17,0.997373,0.002627
SEG-009,18,0.997218,0.002782
SEG-009,19,0.997063,0.002937
SEG-009,20,0.996908,0.003092
SEG-009,21,0.996753,0.003247
SEG-009,22,0.996599,0.003401
SEG-009,23,0.996444,0.003556
SEG-009,24,0.996289,0.003711
SEG-009,25,0.996134,0.003866
SEG-009,26,0.995979,0.004021
SEG-009,27,0.995824,0.004176
SEG-009,28,0.995668,0.004332
SEG-009,29,0.995513,0.004487
SEG-009,30,0.995358,0.004642
SEG-010,1,0.999987,1.3e-05
SEG-010,2,0.999975,2.5e-05
SEG-010,3,0.999962,3.8e-05
SEG-010,4,0.999949,5.1e-05
SEG-010,5,0.999936,6.4e-05
SEG-010,6,0.999924,7.6e-05
SEG-010,7,0.999911,8.9e-05
SEG-010,8,0.999898,0.000102
SEG-010,9,0.999885,0.000115
SEG-010,10,0.999873,0.000127
SEG-010,11,0.99986,0.00014
SEG-010,12,0.999847,0.000153
SEG-010,13,0.999834,0.000166
SEG-010,14,0.999821,0.000179
SEG-010,15,0.999809,0.000191
SEG-010,16,0.999796,0.000204
SEG-010,17,0.999783,0.000217
SEG-010,18,0.99977,0.00023
SEG-010,19,0.999757,0.000243
SEG-010,20,0.999745,0.000255
SEG-010,21,0.999732,0.000268
SEG-010,22,0.999719,0.000281
SEG-010,23,0.999706,0.000294
SEG-010,24,0.999693,0.000307
SEG-010,25,0.999681,0.000319
SEG-010,26,0.999668,0.000332
SEG-010,27,0.999655,0.000345
SEG-010,28,0.999642,0.000358
SEG-010,29,0.999629,0.000371
SEG-010,30,0.999616,0.000384
SEG-011,1,0.999983,1.7e-05
SEG-011,2,0.999967,3.3e-05
SEG-011,3,0.99995,5e-05
SEG-011,4,0.999933,6.7e-05
SEG-011,5,0.999916,8.4e-05
SEG-011,6,0.999899,0.000101
SEG-011,7,0.999883,0.000117
SEG-011,8,0.999866,0.000134
SEG-011,9,0.999849,0.000151
SEG-011,10,0.999832,0.000168
SEG-011,11,0.999816,0.000184
SEG-011,12,0.999799,0.000201
SEG-011,13,0.999782,0.000218
SEG-011,14,0.999765,0.000235
SEG-011,15,0.999748,0.000252
SEG-011,16,0.999731,0.000269
SEG-011,17,0.999715,0.000285
SEG-011,18,0.999698,0.000302
SEG-011,19,0.999681,0.000319
SEG-011,20,0.999664,0.000336
SEG-011,21,0.999647,0.000353
SEG-011,22,0.99963,0.00037
SEG-011,23,0.999614,0.000386
SEG-011,24,0.999597,0.000403
SEG-011,25,0.99958,0.00042
SEG-011,26,0.999563,0.000437
SEG-011,27,0.999546,0.000454
SEG-011,28,0.999529,0.000471
SEG-011,29,0.999512,0.000488
SEG-011,30,0.999495,0.000505
SEG-012,1,0.999933,6.7e-05
SEG-012,2,0.999865,0.000135
SEG-012,3,0.999798,0.000202
SEG-012,4,0.99973,0.00027
SEG-012,5,0.999663,0.000337
SEG-012,6,0.999595,0.000405
SEG-012,7,0.999528,0.000472
SEG-012,8,0.99946,0.00054
SEG-012,9,0.999393,0.000607
SEG-012,10,0.999325,0.000675
SEG-012,11,0.999258,0.000742
SEG-012,12,0.99919,0.00081
SEG-012,13,0.999122,0.000878
SEG-012,14,0.999055,0.000945
SEG-012,15,0.998987,0.001013
SEG-012,16,0.998919,0.001081
SEG-012,17,0.998852,0.001148
SEG-012,18,0.998784,0.001216
SEG-012,19,0.998716,0.001284
SEG-012,20,0.998648,0.001352
SEG-012,21,0.998581,0.001419
SEG-012,22,0.998513,0.001487
SEG-012,23,0.998445,0.001555
SEG-012,24,0.998377,0.001623
SEG-012,25,0.998309,0.001691
SEG-012,26,0.998242,0.001758
SEG-012,27,0.998174,0.001826
SEG-012,28,0.998106,0.001894
SEG-012,29,0.998038,0.001962
SEG-012,30,0.99797,0.00203
SEG-013,1,0.999936,6.4e-05
SEG-013,2,0.999873,0.000127
SEG-013,3,0.999809,0.000191
SEG-013,4,0.999746,0.000254
SEG-013,5,0.999682,0.000318
SEG-013,6,0.999619,0.000381
SEG-013,7,0.999555,0.000445
SEG-013,8,0.999491,0.000509
SEG-013,9,0.999428,0.000572
SEG-013,10,0.999364,0.000636
SEG-013,11,0.9993,0.0007
SEG-013,12,0.999237,0.000763
SEG-013,13,0.999173,0.000827
SEG-013,14,0.999109,0.000891
SEG-013,15,0.999045,0.000955
SEG-013,16,0.998982,0.001018
SEG-013,17,0.998918,0.001082
SEG-013,18,0.998854,0.001146
SEG-013,19,0.99879,0.00121
SEG-013,20,0.998726,0.001274
SEG-013,21,0.998663,0.001337
SEG-013,22,0.998599,0.001401
SEG-013,23,0.998535,0.001465
SEG-013,24,0.998471,0.001529
SEG-013,25,0.998407,0.001593
SEG-013,26,0.998343,0.001657
SEG-013,27,0.998279,0.001721
SEG-013,28,0.998215,0.001785
SEG-013,29,0.998151,0.001849
SEG-013,30,0.998087,0.001913
SEG-014,1,0.999789,0.000211
SEG-014,2,0.999579,0.000421
SEG-014,3,0.999368,0.000632
SEG-014,4,0.999158,0.000842
SEG-014,5,0.998947,0.001053
SEG-014,6,0.998736,0.001264
SEG-014,7,0.998526,0.001474
SEG-014,8,0.998315,0.001685
SEG-014,9,0.998104,0.001896
SEG-014,10,0.997893,0.002107
SEG-014,11,0.997683,0.002317
SEG-014,12,0.997472,0.002528
SEG-014,13,0.997261,0.002739
SEG-014,14,0.99705,0.00295
SEG-014,15,0.996839,0.003161
SEG-014,16,0.996628,0.003372
SEG-014,17,0.996417,0.003583
SEG-014,18,0.996206,0.003794
SEG-014,19,0.995995,0.004005
SEG-014,20,0.995784,0.004216
SEG-014,21,0.995573,0.004427
SEG-014,22,0.995362,0.004638
SEG-014,23,0.995151,0.004849
SEG-014,24,0.99494,0.00506
SEG-014,25,0.994728,0.005272
SEG-014,26,0.994517,0.005483
SEG-014,27,0.994306,0.005694
SEG-014,28,0.994095,0.005905
SEG-014,29,0.993883,0.006117
SEG-014,30,0.993672,0.006328
SEG-015,1,0.999897,0.000103
SEG-015,2,0.999794,0.000206
SEG-015,3,0.999691,0.000309
SEG-015,4,0.999588,0.000412
SEG-015,5,0.999485,0.000515
SEG-015,6,0.999382,0.000618
SEG-015,7,0.999278,0.000722
SEG-015,8,0.999175,0.000825
SEG-015,9,0.999072,0.000928
SEG-015,10,0.998969,0.001031
SEG-015,11,0.998866,0.001134
SEG-015,12,0.998762,0.001238
SEG-015,13,0.998659,0.001341
SEG-015,14,0.998556,0.001444
SEG-015,15,0.998452,0.001548
SEG-015,16,0.998349,0.001651
SEG-015,17,0.998246,0.001754
SEG-015,18,0.998142,0.001858
SEG-015,19,0.998039,0.001961
SEG-015,20,0.997935,0.002065
SEG-015,21,0.997832,0.002168
SEG-015,22,0.997728,0.002272
SEG-015,23,0.997625,0.002375
SEG-015,24,0.997521,0.002479
SEG-015,25,0.997418,0.002582
SEG-015,26,0.997314,0.002686
SEG-015,27,0.99721,0.00279
SEG-015,28,0.997107,0.002893
SEG-015,29,0.997003,0.002997
SEG-015,30,0.996899,0.003101
SEG-016,1,0.999858,0.000142
SEG-016,2,0.999715,0.000285
SEG-016,3,0.999573,0.000427
SEG-016,4,0.99943,0.00057
SEG-016,5,0.999288,0.000712
SEG-016,6,0.999145,0.000855
SEG-016,7,0.999003,0.000997
SEG-016,8,0.99886,0.00114
SEG-016,9,0.998717,0.001283
SEG-016,10,0.998575,0.001425
SEG-016,11,0.998432,0.001568
SEG-016,12,0.998289,0.001711
SEG-016,13,0.998146,0.001854
SEG-016,14,0.998004,0.001996
SEG-016,15,0.997861,0.002139
SEG-016,16,0.997718,0.002282
SEG-016,17,0.997575,0.002425
SEG-016,18,0.997432,0.002568
SEG-016,19,0.997289,0.002711
SEG-016,20,0.997146,0.002854
SEG-016,21,0.997003,0.002997
SEG-016,22,0.99686,0.00314
SEG-016,23,0.996717,0.003283
SEG-016,24,0.996574,0.003426
SEG-016,25,0.996431,0.003569
SEG-016,26,0.996288,0.003712
SEG-016,27,0.996145,0.003855
SEG-016,28,0.996002,0.003998
SEG-016,29,0.995859,0.004141
SEG-016,30,0.995715,0.004285
SEG-017,1,0.99982,0.00018
SEG-017,2,0.99964,0.00036
SEG-017,3,0.99946,0.00054
SEG-017,4,0.99928,0.00072
SEG-017,5,0.9991,0.0009
SEG-017,6,0.99892,0.00108
SEG-017,7,0.99874,0.00126
SEG-017,8,0.99856,0.00144
SEG-017,9,0.99838,0.00162
SEG-017,10,0.9982,0.0018
SEG-017,11,0.99802,0.00198
SEG-017,12,0.99784,0.00216
SEG-017,13,0.99766,0.00234
SEG-017,14,0.99748,0.00252
SEG-017,15,0.997299,0.002701
SEG-017,16,0.997119,0.002881
SEG-017,17,0.996939,0.003061
SEG-017,18,0.996758,0.003242
SEG-017,19,0.996578,0.003422
SEG-017,20,0.996398,0.003602
SEG-017,21,0.996217,0.003783
SEG-017,22,0.996037,0.003963
SEG-017,23,0.995856,0.004144
SEG-017,24,0.995676,0.004324
SEG-017,25,0.995495,0.004505
SEG-017,26,0.995315,0.004685
SEG-017,27,0.995134,0.004866
SEG-017,28,0.994953,0.005047
SEG-017,29,0.994773,0.005227
SEG-017,30,0.994592,0.005408
SEG-018,1,0.998679,0.001321
SEG-018,2,0.99736,0.00264
SEG-018,3,0.996042,0.003958
SEG-018,4,0.994725,0.005275
SEG-018,5,0.99341,0.00659
SEG-018,6,0.992096,0.007904
SEG-018,7,0.990783,0.009217
SEG-018,8,0.989471,0.010529
SEG-018,9,0.988161,0.011839
SEG-018,10,0.986852,0.013148
SEG-018,11,0.985544,0.014456
SEG-018,12,0.984238,0.015762
SEG-018,13,0.982933,0.017067
SEG-018,14,0.981629,0.018371
SEG-018,15,0.980327,0.019673
SEG-018,16,0.979025,0.020975
SEG-018,17,0.977725,0.022275
SEG-018,18,0.976427,0.023573
SEG-018,19,0.975129,0.024871
SEG-018,20,0.973833,0.026167
SEG-018,21,0.972538,0.027462
SEG-018,22,0.971245,0.028755
SEG-018,23,0.969953,0.030047
SEG-018,24,0.968662,0.031338
SEG-018,25,0.967372,0.032628
SEG-018,26,0.966084,0.033916
SEG-018,27,0.964797,0.035203
SEG-018,28,0.963511,0.036489
SEG-018,29,0.962226,0.037774
SEG-018,30,0.960943,0.039057
SEG-019,1,0.999838,0.000162
SEG-019,2,0.999676,0.000324
SEG-019,3,0.999514,0.000486
SEG-019,4,0.999351,0.000649
SEG-019,5,0.999189,0.000811
SEG-019,6,0.999027,0.000973
SEG-019,7,0.998865,0.001135
SEG-019,8,0.998702,0.001298
SEG-019,9,0.99854,0.00146
SEG-019,10,0.998378,0.001622
SEG-019,11,0.998215,0.001785
SEG-019,12,0.998053,0.001947
SEG-019,13,0.99789,0.00211
SEG-019,14,0.997728,0.002272
SEG-019,15,0.997565,0.002435
SEG-019,16,0.997403,0.002597
SEG-019,17,0.99724,0.00276
SEG-019,18,0.997077,0.002923
SEG-019,19,0.996915,0.003085
SEG-019,20,0.996752,0.003248
SEG-019,21,0.99659,0.00341
SEG-019,22,0.996427,0.003573
SEG-019,23,0.996264,0.003736
SEG-019,24,0.996101,0.003899
SEG-019,25,0.995938,0.004062
SEG-019,26,0.995776,0.004224
SEG-019,27,0.995613,0.004387
SEG-019,28,0.99545,0.00455
SEG-019,29,0.995287,0.004713
SEG-019,30,0.995124,0.004876
SEG-020,1,0.999417,0.000583
SEG-020,2,0.998834,0.001166
SEG-020,3,0.99825,0.00175
SEG-020,4,0.997668,0.002332
SEG-020,5,0.997085,0.002915
SEG-020,6,0.996502,0.003498
SEG-020,7,0.99592,0.00408
SEG-020,8,0.995337,0.004663
SEG-020,9,0.994755,0.005245
SEG-020,10,0.994173,0.005827
SEG-020,11,0.993591,0.006409
SEG-020,12,0.993009,0.006991
SEG-020,13,0.992428,0.007572
SEG-020,14,0.991846,0.008154
SEG-020,15,0.991265,0.008735
SEG-020,16,0.990684,0.009316
SEG-020,17,0.990103,0.009897
SEG-020,18,0.989522,0.010478
SEG-020,19,0.988941,0.011059
SEG-020,20,0.988361,0.011639
SEG-020,21,0.98778,0.01222
SEG-020,22,0.9872,0.0128
SEG-020,23,0.98662,0.01338
SEG-020,24,0.98604,0.01396
SEG-020,25,0.98546,0.01454
SEG-020,26,0.98488,0.01512
SEG-020,27,0.9843,0.0157
SEG-020,28,0.983721,0.016279
SEG-020,29,0.983142,0.016858
SEG-020,30,0.982562,0.017438
SEG-021,1,0.999427,0.000573
SEG-021,2,0.998854,0.001146
SEG-021,3,0.998282,0.001718
SEG-021,4,0.997709,0.002291
SEG-021,5,0.997137,0.002863
SEG-021,6,0.996564,0.003436
SEG-021,7,0.995992,0.004008
SEG-021,8,0.99542,0.00458
SEG-021,9,0.994848,0.005152
SEG-021,10,0.994277,0.005723
SEG-021,11,0.993705,0.006295
SEG-021,12,0.993134,0.006866
SEG-021,13,0.992562,0.007438
SEG-021,14,0.991991,0.008009
SEG-021,15,0.99142,0.00858
SEG-021,16,0.990849,0.009151
SEG-021,17,0.990278,0.009722
SEG-021,18,0.989707,0.010293
SEG-021,19,0.989137,0.010863
SEG-021,20,0.988567,0.011433
SEG-021,21,0.987996,0.012004
SEG-021,22,0.987426,0.012574
SEG-021,23,0.986856,0.013144
SEG-021,24,0.986286,0.013714
SEG-021,25,0.985717,0.014283
SEG-021,26,0.985147,0.014853
SEG-021,27,0.984578,0.015422
SEG-021,28,0.984008,0.015992
SEG-021,29,0.983439,0.016561
SEG-021,30,0.98287,0.01713
SEG-022,1,0.999528,0.000472
SEG-022,2,0.999056,0.000944
SEG-022,3,0.998584,0.001416
SEG-022,4,0.998112,0.001888
SEG-022,5,0.99764,0.00236
SEG-022,6,0.997168,0.002832
SEG-022,7,0.996696,0.003304
SEG-022,8,0.996225,0.003775
SEG-022,9,0.995753,0.004247
SEG-022,10,0.995281,0.004719
SEG-022,11,0.99481,0.00519
SEG-022,12,0.994339,0.005661
SEG-022,13,0.993867,0.006133
SEG-022,14,0.993396,0.006604
SEG-022,15,0.992925,0.007075
SEG-022,16,0.992453,0.007547
SEG-022,17,0.991982,0.008018
SEG-022,18,0.991511,0.008489
SEG-022,19,0.99104,0.00896
SEG-022,20,0.990569,0.009431
SEG-022,21,0.990098,0.009902
SEG-022,22,0.989628,0.010372
SEG-022,23,0.989157,0.010843
SEG-022,24,0.988686,0.011314
SEG-022,25,0.988216,0.011784
SEG-022,26,0.987745,0.012255
SEG-022,27,0.987275,0.012725
SEG-022,28,0.986804,0.013196
SEG-022,29,0.986334,0.013666
SEG-022,30,0.985863,0.014137
SEG-023,1,0.999867,0.000133
SEG-023,2,0.999734,0.000266
SEG-023,3,0.999601,0.000399
SEG-023,4,0.999467,0.000533
SEG-023,5,0.999334,0.000666
SEG-023,6,0.999201,0.000799
SEG-023,7,0.999068,0.000932
SEG-023,8,0.998934,0.001066
SEG-023,9,0.998801,0.001199
SEG-023,10,0.998668,0.001332
SEG-023,11,0.998534,0.001466
SEG-023,12,0.998401,0.001599
SEG-023,13,0.998267,0.001733
SEG-023,14,0.998134,0.001866
SEG-023,15,0.998,0.002
SEG-023,16,0.997867,0.002133
SEG-023,17,0.997733,0.002267
SEG-023,18,0.9976,0.0024
SEG-023,19,0.997466,0.002534
SEG-023,20,0.997332,0.002668
SEG-023,21,0.997199,0.002801
SEG-023,22,0.997065,0.002935
SEG-023,23,0.996931,0.003069
SEG-023,24,0.996797,0.003203
SEG-023,25,0.996664,0.003336
SEG-023,26,0.99653,0.00347
SEG-023,27,0.996396,0.003604
SEG-023,28,0.996262,0.003738
SEG-023,29,0.996128,0.003872
SEG-023,30,0.995994,0.004006
SEG-024,1,0.999568,0.000432
SEG-024,2,0.999137,0.000863
SEG-024,3,0.998705,0.001295
SEG-024,4,0.998274,0.001726
SEG-024,5,0.997842,0.002158
SEG-024,6,0.997411,0.002589
SEG-024,7,0.996979,0.003021
SEG-024,8,0.996548,0.003452
SEG-024,9,0.996117,0.003883
SEG-024,10,0.995685,0.004315
SEG-024,11,0.995254,0.004746
SEG-024,12,0.994823,0.005177
SEG-024,13,0.994392,0.005608
SEG-024,14,0.99396,0.00604
SEG-024,15,0.993529,0.006471
SEG-024,16,0.993098,0.006902
SEG-024,17,0.992667,0.007333
SEG-024,18,0.992236,0.007764
SEG-024,19,0.991805,0.008195
SEG-024,20,0.991374,0.008626
SEG-024,21,0.990944,0.009056
SEG-024,22,0.990513,0.009487
SEG-024,23,0.990082,0.009918
SEG-024,24,0.989651,0.010349
SEG-024,25,0.989221,0.010779
SEG-024,26,0.98879,0.01121
SEG-024,27,0.988359,0.011641
SEG-024,28,0.987929,0.012071
SEG-024,29,0.987498,0.012502
SEG-024,30,0.987068,0.012932
SEG-025,1,0.999577,0.000423
SEG-025,2,0.999155,0.000845
SEG-025,3,0.998732,0.001268
SEG-025,4,0.99831,0.00169
SEG-025,5,0.997888,0.002112
SEG-025,6,0.997465,0.002535
SEG-025,7,0.997043,0.002957
SEG-025,8,0.996621,0.003379
SEG-025,9,0.996198,0.003802
SEG-025,10,0.995776,0.004224
SEG-025,11,0.995354,0.004646
SEG-025,12,0.994932,0.005068
SEG-025,13,0.99451,0.00549
SEG-025,14,0.994087,0.005913
SEG-025,15,0.993665,0.006335
SEG-025,16,0.993243,0.006757
SEG-025,17,0.992821,0.007179
SEG-025,18,0.992399,0.007601
SEG-025,19,0.991977,0.008023
SEG-025,20,0.991556,0.008444
SEG-025,21,0.991134,0.008866
SEG-025,22,0.990712,0.009288
SEG-025,23,0.99029,0.00971
SEG-025,24,0.989868,0.010132
SEG-025,25,0.989447,0.010553
SEG-025,26,0.989025,0.010975
SEG-025,27,0.988603,0.011397
SEG-025,28,0.988182,0.011818
SEG-025,29,0.98776,0.01224
SEG-025,30,0.987339,0.012661
SEG-026,1,0.99982,0.00018
SEG-026,2,0.99964,0.00036
SEG-026,3,0.99946,0.00054
SEG-026,4,0.99928,0.00072
SEG-026,5,0.9991,0.0009
SEG-026,6,0.99892,0.00108
SEG-026,7,0.99874,0.00126
SEG-026,8,0.99856,0.00144
SEG-026,9,0.99838,0.00162
SEG-026,10,0.9982,0.0018
SEG-026,11,0.99802,0.00198
SEG-026,12,0.997839,0.002161
SEG-026,13,0.997659,0.002341
SEG-026,14,0.997479,0.002521
SEG-026,15,0.997298,0.002702
SEG-026,16,0.997118,0.002882
SEG-026,17,0.996938,0.003062
SEG-026,18,0.996757,0.003243
SEG-026,19,0.996577,0.003423
SEG-026,20,0.996397,0.003603
SEG-026,21,0.996216,0.003784
SEG-026,22,0.996036,0.003964
SEG-026,23,0.995855,0.004145
SEG-026,24,0.995674,0.004326
SEG-026,25,0.995494,0.004506
SEG-026,26,0.995313,0.004687
SEG-026,27,0.995133,0.004867
SEG-026,28,0.994952,0.005048
SEG-026,29,0.994771,0.005229
SEG-026,30,0.994591,0.005409
SEG-027,1,0.999938,6.2e-05
SEG-027,2,0.999876,0.000124
SEG-027,3,0.999815,0.000185
SEG-027,4,0.999753,0.000247
SEG-027,5,0.999691,0.000309
SEG-027,6,0.999629,0.000371
SEG-027,7,0.999567,0.000433
SEG-027,8,0.999505,0.000495
SEG-027,9,0.999443,0.000557
SEG-027,10,0.999381,0.000619
SEG-027,11,0.999319,0.000681
SEG-027,12,0.999257,0.000743
SEG-027,13,0.999195,0.000805
SEG-027,14,0.999133,0.000867
SEG-027,15,0.999071,0.000929
SEG-027,16,0.999009,0.000991
SEG-027,17,0.998947,0.001053
SEG-027,18,0.998885,0.001115
SEG-027,19,0.998823,0.001177
SEG-027,20,0.998761,0.001239
SEG-027,21,0.998699,0.001301
SEG-027,22,0.998637,0.001363
SEG-027,23,0.998574,0.001426
SEG-027,24,0.998512,0.001488
SEG-027,25,0.99845,0.00155
SEG-027,26,0.998388,0.001612
SEG-027,27,0.998326,0.001674
SEG-027,28,0.998263,0.001737
SEG-027,29,0.998201,0.001799
SEG-027,30,0.998139,0.001861
SEG-028,1,0.999789,0.000211
SEG-028,2,0.999578,0.000422
SEG-028,3,0.999367,0.000633
SEG-028,4,0.999156,0.000844
SEG-028,5,0.998945,0.001055
SEG-028,6,0.998734,0.001266
SEG-028,7,0.998523,0.001477
SEG-028,8,0.998311,0.001689
SEG-028,9,0.9981,0.0019
SEG-028,10,0.997889,0.002111
SEG-028,11,0.997678,0.002322
SEG-028,12,0.997467,0.002533
SEG-028,13,0.997255,0.002745
SEG-028,14,0.997044,0.002956
SEG-028,15,0.996833,0.003167
SEG-028,16,0.996621,0.003379
SEG-028,17,0.99641,0.00359
SEG-028,18,0.996198,0.003802
SEG-028,19,0.995987,0.004013
SEG-028,20,0.995775,0.004225
SEG-028,21,0.995564,0.004436
SEG-028,22,0.995352,0.004648
SEG-028,23,0.995141,0.004859
SEG-028,24,0.994929,0.005071
SEG-028,25,0.994718,0.005282
SEG-028,26,0.994506,0.005494
SEG-028,27,0.994294,0.005706
SEG-028,28,0.994083,0.005917
SEG-028,29,0.993871,0.006129
SEG-028,30,0.993659,0.006341
SEG-029,1,0.999737,0.000263
SEG-029,2,0.999475,0.000525
SEG-029,3,0.999212,0.000788
SEG-029,4,0.998949,0.001051
SEG-029,5,0.998687,0.001313
SEG-029,6,0.998424,0.001576
SEG-029,7,0.998161,0.001839
SEG-029,8,0.997898,0.002102
SEG-029,9,0.997636,0.002364
SEG-029,10,0.997373,0.002627
SEG-029,11,0.99711,0.00289
SEG-029,12,0.996847,0.003153
SEG-029,13,0.996584,0.003416
SEG-029,14,0.996321,0.003679
SEG-029,15,0.996058,0.003942
SEG-029,16,0.995795,0.004205
SEG-029,17,0.995532,0.004468
SEG-029,18,0.995269,0.004731
SEG-029,19,0.995006,0.004994
SEG-029,20,0.994743,0.005257
SEG-029,21,0.99448,0.00552
SEG-029,22,0.994217,0.005783
SEG-029,23,0.993954,0.006046
SEG-029,24,0.993691,0.006309
SEG-029,25,0.993428,0.006572
SEG-029,26,0.993165,0.006835
SEG-029,27,0.992902,0.007098
SEG-029,28,0.992639,0.007361
SEG-029,29,0.992375,0.007625
SEG-029,30,0.992112,0.007888
SEG-030,1,0.999936,6.4e-05
SEG-030,2,0.999872,0.000128
SEG-030,3,0.999809,0.000191
SEG-030,4,0.999745,0.000255
SEG-030,5,0.999681,0.000319
SEG-030,6,0.999617,0.000383
SEG-030,7,0.999553,0.000447
SEG-030,8,0.999489,0.000511
SEG-030,9,0.999425,0.000575
SEG-030,10,0.999361,0.000639
SEG-030,11,0.999297,0.000703
SEG-030,12,0.999233,0.000767
SEG-030,13,0.999169,0.000831
SEG-030,14,0.999105,0.000895
SEG-030,15,0.999041,0.000959
SEG-030,16,0.998977,0.001023
SEG-030,17,0.998913,0.001087
SEG-030,18,0.998849,0.001151
SEG-030,19,0.998785,0.001215
SEG-030,20,0.998721,0.001279
SEG-030,21,0.998657,0.001343
SEG-030,22,0.998593,0.001407
SEG-030,23,0.998528,0.001472
SEG-030,24,0.998464,0.001536
SEG-030,25,0.9984,0.0016
SEG-030,26,0.998336,0.001664
SEG-030,27,0.998272,0.001728
SEG-030,28,0.998207,0.001793
SEG-030,29,0.998143,0.001857
SEG-030,30,0.998079,0.001921
SEG-031,1,0.999296,0.000704
SEG-031,2,0.998591,0.001409
SEG-031,3,0.997887,0.002113
SEG-031,4,0.997184,0.002816
SEG-031,5,0.99648,0.00352
SEG-031,6,0.995777,0.004223
SEG-031,7,0.995074,0.004926
SEG-031,8,0.994372,0.005628
SEG-031,9,0.993669,0.006331
SEG-031,10,0.992967,0.007033
SEG-031,11,0.992265,0.007735
SEG-031,12,0.991564,0.008436
SEG-031,13,0.990862,0.009138
SEG-031,14,0.990161,0.009839
SEG-031,15,0.98946,0.01054
SEG-031,16,0.98876,0.01124
SEG-031,17,0.98806,0.01194
SEG-031,18,0.987359,0.012641
SEG-031,19,0.98666,0.01334
SEG-031,20,0.98596,0.01404
SEG-031,21,0.985261,0.014739
SEG-031,22,0.984562,0.015438
SEG-031,23,0.983863,0.016137
SEG-031,24,0.983165,0.016835
SEG-031,25,0.982466,0.017534
SEG-031,26,0.981768,0.018232
SEG-031,27,0.981071,0.018929
SEG-031,28,0.980373,0.019627
SEG-031,29,0.979676,0.020324
SEG-031,30,0.978979,0.021021
SEG-032,1,0.999507,0.000493
SEG-032,2,0.999014,0.000986
SEG-032,3,0.998521,0.001479
SEG-032,4,0.998029,0.001971
SEG-032,5,0.997536,0.002464
SEG-032,6,0.997043,0.002957
SEG-032,7,0.996551,0.003449
SEG-032,8,0.996059,0.003941
SEG-032,9,0.995566,0.004434
SEG-032,10,0.995074,0.004926
SEG-032,11,0.994582,0.005418
SEG-032,12,0.99409,0.00591
SEG-032,13,0.993598,0.006402
SEG-032,14,0.993106,0.006894
SEG-032,15,0.992614,0.007386
SEG-032,16,0.992122,0.007878
SEG-032,17,0.99163,0.00837
SEG-032,18,0.991138,0.008862
SEG-032,19,0.990647,0.009353
SEG-032,20,0.990155,0.009845
SEG-032,21,0.989664,0.010336
SEG-032,22,0.989173,0.010827
SEG-032,23,0.988681,0.011319
SEG-032,24,0.98819,0.01181
SEG-032,25,0.987699,0.012301
SEG-032,26,0.987208,0.012792
SEG-032,27,0.986717,0.013283
SEG-032,28,0.986226,0.013774
SEG-032,29,0.985735,0.014265
SEG-032,30,0.985245,0.014755
SEG-033,1,0.999401,0.000599
SEG-033,2,0.998801,0.001199
SEG-033,3,0.998202,0.001798
SEG-033,4,0.997604,0.002396
SEG-033,5,0.997005,0.002995
SEG-033,6,0.996406,0.003594
SEG-033,7,0.995808,0.004192
SEG-033,8,0.99521,0.00479
SEG-033,9,0.994611,0.005389
SEG-033,10,0.994013,0.005987
SEG-033,11,0.993416,0.006584
SEG-033,12,0.992818,0.007182
SEG-033,13,0.992221,0.007779
SEG-033,14,0.991623,0.008377
SEG-033,15,0.991026,0.008974
SEG-033,16,0.990429,0.009571
SEG-033,17,0.989832,0.010168
SEG-033,18,0.989235,0.010765
SEG-033,19,0.988639,0.011361
SEG-033,20,0.988042,0.011958
SEG-033,21,0.987446,0.012554
SEG-033,22,0.98685,0.01315
SEG-033,23,0.986254,0.013746
SEG-033,24,0.985659,0.014341
SEG-033,25,0.985063,0.014937
SEG-033,26,0.984468,0.015532
SEG-033,27,0.983872,0.016128
SEG-033,28,0.983277,0.016723
SEG-033,29,0.982682,0.017318
SEG-033,30,0.982087,0.017913
SEG-034,1,0.999558,0.000442
SEG-034,2,0.999117,0.000883
SEG-034,3,0.998676,0.001324
SEG-034,4,0.998234,0.001766
SEG-034,5,0.997793,0.002207
SEG-034,6,0.997352,0.002648
SEG-034,7,0.99691,0.00309
SEG-034,8,0.996469,0.003531
SEG-034,9,0.996028,0.003972
SEG-034,10,0.995587,0.004413
SEG-034,11,0.995146,0.004854
SEG-034,12,0.994705,0.005295
SEG-034,13,0.994264,0.005736
SEG-034,14,0.993823,0.006177
SEG-034,15,0.993382,0.006618
SEG-034,16,0.992941,0.007059
SEG-034,17,0.9925,0.0075
SEG-034,18,0.99206,0.00794
SEG-034,19,0.991619,0.008381
SEG-034,20,0.991178,0.008822
SEG-034,21,0.990738,0.009262
SEG-034,22,0.990297,0.009703
SEG-034,23,0.989857,0.010143
SEG-034,24,0.989416,0.010584
SEG-034,25,0.988976,0.011024
SEG-034,26,0.988535,0.011465
SEG-034,27,0.988095,0.011905
SEG-034,28,0.987655,0.012345
SEG-034,29,0.987214,0.012786
SEG-034,30,0.986774,0.013226
SEG-035,1,0.999626,0.000374
SEG-035,2,0.999253,0.000747
SEG-035,3,0.99888,0.00112
SEG-035,4,0.998506,0.001494
SEG-035,5,0.998133,0.001867
SEG-035,6,0.997759,0.002241
SEG-035,7,0.997386,0.002614
SEG-035,8,0.997012,0.002988
SEG-035,9,0.996639,0.003361
SEG-035,10,0.996265,0.003735
SEG-035,11,0.995892,0.004108
SEG-035,12,0.995519,0.004481
SEG-035,13,0.995145,0.004855
SEG-035,14,0.994772,0.005228
SEG-035,15,0.994399,0.005601
SEG-035,16,0.994025,0.005975
SEG-035,17,0.993652,0.006348
SEG-035,18,0.993279,0.006721
SEG-035,19,0.992905,0.007095
SEG-035,20,0.992532,0.007468
SEG-035,21,0.992159,0.007841
SEG-035,22,0.991786,0.008214
SEG-035,23,0.991412,0.008588
SEG-035,24,0.991039,0.008961
SEG-035,25,0.990666,0.009334
SEG-035,26,0.990293,0.009707
SEG-035,27,0.98992,0.01008
SEG-035,28,0.989546,0.010454
SEG-035,29,0.989173,0.010827
SEG-035,30,0.9888,0.0112
SEG-036,1,0.999878,0.000122
SEG-036,2,0.999756,0.000244
SEG-036,3,0.999634,0.000366
SEG-036,4,0.999512,0.000488
SEG-036,5,0.99939,0.00061
SEG-036,6,0.999268,0.000732
SEG-036,7,0.999146,0.000854
SEG-036,8,0.999024,0.000976
SEG-036,9,0.998902,0.001098
SEG-036,10,0.99878,0.00122
SEG-036,11,0.998658,0.001342
SEG-036,12,0.998536,0.001464
SEG-036,13,0.998414,0.001586
SEG-036,14,0.998292,0.001708
SEG-036,15,0.998169,0.001831
SEG-036,16,0.998047,0.001953
SEG-036,17,0.997925,0.002075
SEG-036,18,0.997803,0.002197
SEG-036,19,0.99768,0.00232
SEG-036,20,0.997558,0.002442
SEG-036,21,0.997436,0.002564
SEG-036,22,0.997313,0.002687
SEG-036,23,0.997191,0.002809
SEG-036,24,0.997068,0.002932
SEG-036,25,0.996946,0.003054
SEG-036,26,0.996823,0.003177
SEG-036,27,0.996701,0.003299
SEG-036,28,0.996578,0.003422
SEG-036,29,0.996456,0.003544
SEG-036,30,0.996333,0.003667
SEG-037,1,0.99986,0.00014
SEG-037,2,0.99972,0.00028
SEG-037,3,0.99958,0.00042
SEG-037,4,0.99944,0.00056
SEG-037,5,0.9993,0.0007
SEG-037,6,0.99916,0.00084
SEG-037,7,0.99902,0.00098
SEG-037,8,0.99888,0.00112
SEG-037,9,0.99874,0.00126
SEG-037,10,0.9986,0.0014
SEG-037,11,0.998459,0.001541
SEG-037,12,0.998319,0.001681
SEG-037,13,0.998179,0.001821
SEG-037,14,0.998039,0.001961
SEG-037,15,0.997898,0.002102
SEG-037,16,0.997758,0.002242
SEG-037,17,0.997618,0.002382
SEG-037,18,0.997477,0.002523
SEG-037,19,0.997337,0.002663
SEG-037,20,0.997196,0.002804
SEG-037,21,0.997056,0.002944
SEG-037,22,0.996915,0.003085
SEG-037,23,0.996775,0.003225
SEG-037,24,0.996634,0.003366
SEG-037,25,0.996494,0.003506
SEG-037,26,0.996353,0.003647
SEG-037,27,0.996212,0.003788
SEG-037,28,0.996072,0.003928
SEG-037,29,0.995931,0.004069
SEG-037,30,0.99579,0.00421
SEG-038,1,0.999835,0.000165
SEG-038,2,0.99967,0.00033
SEG-038,3,0.999505,0.000495
SEG-038,4,0.999341,0.000659
SEG-038,5,0.999176,0.000824
SEG-038,6,0.999011,0.000989
SEG-038,7,0.998846,0.001154
SEG-038,8,0.998681,0.001319
SEG-038,9,0.998516,0.001484
SEG-038,10,0.99835,0.00165
SEG-038,11,0.998185,0.001815
SEG-038,12,0.99802,0.00198
SEG-038,13,0.997855,0.002145
SEG-038,14,0.99769,0.00231
SEG-038,15,0.997525,0.002475
SEG-038,16,0.997359,0.002641
SEG-038,17,0.997194,0.002806
SEG-038,18,0.997029,0.002971
SEG-038,19,0.996863,0.003137
SEG-038,20,0.996698,0.003302
SEG-038,21,0.996533,0.003467
SEG-038,22,0.996367,0.003633
SEG-038,23,0.996202,0.003798
SEG-038,24,0.996036,0.003964
SEG-038,25,0.995871,0.004129
SEG-038,26,0.995705,0.004295
SEG-038,27,0.99554,0.00446
SEG-038,28,0.995374,0.004626
SEG-038,29,0.995208,0.004792
SEG-038,30,0.995043,0.004957
SEG-039,1,0.999861,0.000139
SEG-039,2,0.999722,0.000278
SEG-039,3,0.999582,0.000418
SEG-039,4,0.999443,0.000557
SEG-039,5,0.999304,0.000696
SEG-039,6,0.999164,0.000836
SEG-039,7,0.999025,0.000975
SEG-039,8,0.998885,0.001115
SEG-039,9,0.998746,0.001254
SEG-039,10,0.998607,0.001393
SEG-039,11,0.998467,0.001533
SEG-039,12,0.998328,0.001672
SEG-039,13,0.998188,0.001812
SEG-039,14,0.998048,0.001952
SEG-039,15,0.997909,0.002091
SEG-039,16,0.997769,0.002231
SEG-039,17,0.997629,0.002371
SEG-039,18,0.99749,0.00251
SEG-039,19,0.99735,0.00265
SEG-039,20,0.99721,0.00279
SEG-039,21,0.997071,0.002929
SEG-039,22,0.996931,0.003069
SEG-039,23,0.996791,0.003209
SEG-039,24,0.996651,0.003349
SEG-039,25,0.996511,0.003489
SEG-039,26,0.996371,0.003629
SEG-039,27,0.996231,0.003769
SEG-039,28,0.996091,0.003909
SEG-039,29,0.995951,0.004049
SEG-039,30,0.995811,0.004189
SEG-040,1,0.999898,0.000102
SEG-040,2,0.999796,0.000204
SEG-040,3,0.999694,0.000306
SEG-040,4,0.999592,0.000408
SEG-040,5,0.99949,0.00051
SEG-040,6,0.999388,0.000612
SEG-040,7,0.999286,0.000714
SEG-040,8,0.999184,0.000816
SEG-040,9,0.999082,0.000918
SEG-040,10,0.99898,0.00102
SEG-040,11,0.998878,0.001122
SEG-040,12,0.998776,0.001224
SEG-040,13,0.998673,0.001327
SEG-040,14,0.998571,0.001429
SEG-040,15,0.998469,0.001531
SEG-040,16,0.998367,0.001633
SEG-040,17,0.998264,0.001736
SEG-040,18,0.998162,0.001838
SEG-040,19,0.99806,0.00194
SEG-040,20,0.997957,0.002043
SEG-040,21,0.997855,0.002145
SEG-040,22,0.997753,0.002247
SEG-040,23,0.99765,0.00235
SEG-040,24,0.997548,0.002452
SEG-040,25,0.997445,0.002555
SEG-040,26,0.997343,0.002657
SEG-040,27,0.99724,0.00276
SEG-040,28,0.997138,0.002862
SEG-040,29,0.997035,0.002965
SEG-040,30,0.996932,0.003068
SEG-041,1,0.999843,0.000157
SEG-041,2,0.999686,0.000314
SEG-041,3,0.999528,0.000472
SEG-041,4,0.999371,0.000629
SEG-041,5,0.999214,0.000786
SEG-041,6,0.999057,0.000943
SEG-041,7,0.998899,0.001101
SEG-041,8,0.998742,0.001258
SEG-041,9,0.998585,0.001415
SEG-041,10,0.998427,0.001573
SEG-041,11,0.99827,0.00173
SEG-041,12,0.998112,0.001888
SEG-041,13,0.997955,0.002045
SEG-041,14,0.997797,0.002203
SEG-041,15,0.99764,0.00236
SEG-041,16,0.997482,0.002518
SEG-041,17,0.997325,0.002675
SEG-041,18,0.997167,0.002833
SEG-041,19,0.997009,0.002991
SEG-041,20,0.996852,0.003148
SEG-041,21,0.996694,0.003306
SEG-041,22,0.996536,0.003464
SEG-041,23,0.996378,0.003622
SEG-041,24,0.996221,0.003779
SEG-041,25,0.996063,0.003937
SEG-041,26,0.995905,0.004095
SEG-041,27,0.995747,0.004253
SEG-041,28,0.995589,0.004411
SEG-041,29,0.995431,0.004569
SEG-041,30,0.995273,0.004727
SEG-042,1,0.999803,0.000197
SEG-042,2,0.999605,0.000395
SEG-042,3,0.999408,0.000592
SEG-042,4,0.999211,0.000789
SEG-042,5,0.999013,0.000987
SEG-042,6,0.998816,0.001184
SEG-042,7,0.998619,0.001381
SEG-042,8,0.998421,0.001579
SEG-042,9,0.998224,0.001776
SEG-042,10,0.998026,0.001974
SEG-042,11,0.997829,0.002171
SEG-042,12,0.997631,0.002369
SEG-042,13,0.997433,0.002567
SEG-042,14,0.997236,0.002764
SEG-042,15,0.997038,0.002962
SEG-042,16,0.996841,0.003159
SEG-042,17,0.996643,0.003357
SEG-042,18,0.996445,0.003555
SEG-042,19,0.996247,0.003753
SEG-042,20,0.99605,0.00395
SEG-042,21,0.995852,0.004148
SEG-042,22,0.995654,0.004346
SEG-042,23,0.995456,0.004544
SEG-042,24,0.995258,0.004742
SEG-042,25,0.99506,0.00494
SEG-042,26,0.994862,0.005138
SEG-042,27,0.994664,0.005336
SEG-042,28,0.994466,0.005534
SEG-042,29,0.994268,0.005732
SEG-042,30,0.99407,0.00593
SEG-043,1,0.999965,3.5e-05
SEG-043,2,0.999929,7.1e-05
SEG-043,3,0.999894,0.000106
SEG-043,4,0.999858,0.000142
SEG-043,5,0.999822,0.000178
SEG-043,6,0.999787,0.000213
SEG-043,7,0.999751,0.000249
SEG-043,8,0.999716,0.000284
SEG-043,9,0.99968,0.00032
SEG-043,10,0.999645,0.000355
SEG-043,11,0.999609,0.000391
SEG-043,12,0.999573,0.000427
SEG-043,13,0.999538,0.000462
SEG-043,14,0.999502,0.000498
SEG-043,15,0.999467,0.000533
SEG-043,16,0.999431,0.000569
SEG-043,17,0.999395,0.000605
SEG-043,18,0.99936,0.00064
SEG-043,19,0.999324,0.000676
SEG-043,20,0.999288,0.000712
SEG-043,21,0.999253,0.000747
SEG-043,22,0.999217,0.000783
SEG-043,23,0.999181,0.000819
SEG-043,24,0.999145,0.000855
SEG-043,25,0.99911,0.00089
SEG-043,26,0.999074,0.000926
SEG-043,27,0.999038,0.000962
SEG-043,28,0.999002,0.000998
SEG-043,29,0.998967,0.001033
SEG-043,30,0.998931,0.001069
SEG-044,1,0.999957,4.3e-05
SEG-044,2,0.999915,8.5e-05
SEG-044,3,0.999872,0.000128
SEG-044,4,0.999829,0.000171
SEG-044,5,0.999786,0.000214
SEG-044,6,0.999744,0.000256
SEG-044,7,0.999701,0.000299
SEG-044,8,0.999658,0.000342
SEG-044,9,0.999615,0.000385
SEG-044,10,0.999572,0.000428
SEG-044,11,0.999529,0.000471
SEG-044,12,0.999487,0.000513
SEG-044,13,0.999444,0.000556
SEG-044,14,0.999401,0.000599
SEG-044,15,0.999358,0.000642
SEG-044,16,0.999315,0.000685
SEG-044,17,0.999272,0.000728
SEG-044,18,0.999229,0.000771
SEG-044,19,0.999186,0.000814
SEG-044,20,0.999143,0.000857
SEG-044,21,0.9991,0.0009
SEG-044,22,0.999057,0.000943
SEG-044,23,0.999014,0.000986
SEG-044,24,0.998971,0.001029
SEG-044,25,0.998928,0.001072
SEG-044,26,0.998885,0.001115
SEG-044,27,0.998842,0.001158
SEG-044,28,0.998799,0.001201
SEG-044,29,0.998756,0.001244
SEG-044,30,0.998713,0.001287
SEG-045,1,0.999696,0.000304
SEG-045,2,0.999393,0.000607
SEG-045,3,0.999089,0.000911
SEG-045,4,0.998785,0.001215
SEG-045,5,0.998481,0.001519
SEG-045,6,0.998178,0.001822
SEG-045,7,0.997874,0.002126
SEG-045,8,0.99757,0.00243
SEG-045,9,0.997266,0.002734
SEG-045,10,0.996962,0.003038
SEG-045,11,0.996659,0.003341
SEG-045,12,0.996355,0.003645
SEG-045,13,0.996051,0.003949
SEG-045,14,0.995747,0.004253
SEG-045,15,0.995443,0.004557
SEG-045,16,0.995139,0.004861
SEG-045,17,0.994835,0.005165
SEG-045,18,0.994532,0.005468
SEG-045,19,0.994228,0.005772
SEG-045,20,0.993924,0.006076
SEG-045,21,0.99362,0.00638
SEG-045,22,0.993316,0.006684
SEG-045,23,0.993012,0.006988
SEG-045,24,0.992708,0.007292
SEG-045,25,0.992404,0.007596
SEG-045,26,0.9921,0.0079
SEG-045,27,0.991796,0.008204
SEG-045,28,0.991492,0.008508
SEG-045,29,0.991188,0.008812
SEG-045,30,0.990884,0.009116
SEG-046,1,0.999834,0.000166
SEG-046,2,0.999668,0.000332
SEG-046,3,0.999502,0.000498
SEG-046,4,0.999336,0.000664
SEG-046,5,0.99917,0.00083
SEG-046,6,0.999004,0.000996
SEG-046,7,0.998838,0.001162
SEG-046,8,0.998672,0.001328
SEG-046,9,0.998506,0.001494
SEG-046,10,0.998339,0.001661
SEG-046,11,0.998173,0.001827
SEG-046,12,0.998007,0.001993
SEG-046,13,0.997841,0.002159
SEG-046,14,0.997674,0.002326
SEG-046,15,0.997508,0.002492
SEG-046,16,0.997342,0.002658
SEG-046,17,0.997175,0.002825
SEG-046,18,0.997009,0.002991
SEG-046,19,0.996842,0.003158
SEG-046,20,0.996676,0.003324
SEG-046,21,0.996509,0.003491
SEG-046,22,0.996343,0.003657
SEG-046,23,0.996176,0.003824
SEG-046,24,0.99601,0.00399
SEG-046,25,0.995843,0.004157
SEG-046,26,0.995676,0.004324
SEG-046,27,0.99551,0.00449
SEG-046,28,0.995343,0.004657
SEG-046,29,0.995176,0.004824
SEG-046,30,0.99501,0.00499
SEG-047,1,0.99985,0.00015
SEG-047,2,0.9997,0.0003
SEG-047,3,0.99955,0.00045
SEG-047,4,0.999399,0.000601
SEG-047,5,0.999249,0.000751
SEG-047,6,0.999099,0.000901
SEG-047,7,0.998949,0.001051
SEG-047,8,0.998799,0.001201
SEG-047,9,0.998648,0.001352
SEG-047,10,0.998498,0.001502
SEG-047,11,0.998348,0.001652
SEG-047,12,0.998197,0.001803
SEG-047,13,0.998047,0.001953
SEG-047,14,0.997896,0.002104
SEG-047,15,0.997746,0.002254
SEG-047,16,0.997595,0.002405
SEG-047,17,0.997445,0.002555
SEG-047,18,0.997294,0.002706
SEG-047,19,0.997144,0.002856
SEG-047,20,0.996993,0.003007
SEG-047,21,0.996842,0.003158
SEG-047,22,0.996692,0.003308
SEG-047,23,0.996541,0.003459
SEG-047,24,0.99639,0.00361
SEG-047,25,0.996239,0.003761
SEG-047,26,0.996089,0.003911
SEG-047,27,0.995938,0.004062
SEG-047,28,0.995787,0.004213
SEG-047,29,0.995636,0.004364
SEG-047,30,0.995485,0.004515
SEG-048,1,0.999874,0.000126
SEG-048,2,0.999748,0.000252
SEG-048,3,0.999622,0.000378
SEG-048,4,0.999496,0.000504
SEG-048,5,0.999369,0.000631
SEG-048,6,0.999243,0.000757
SEG-048,7,0.999117,0.000883
SEG-048,8,0.998991,0.001009
SEG-048,9,0.998864,0.001136
SEG-048,10,0.998738,0.001262
SEG-048,11,0.998612,0.001388
SEG-048,12,0.998485,0.001515
SEG-048,13,0.998359,0.001641
SEG-048,14,0.998233,0.001767
SEG-048,15,0.998106,0.001894
SEG-048,16,0.99798,0.00202
SEG-048,17,0.997853,0.002147
SEG-048,18,0.997727,0.002273
SEG-048,19,0.9976,0.0024
SEG-048,20,0.997474,0.002526
SEG-048,21,0.997347,0.002653
SEG-048,22,0.99722,0.00278
SEG-048,23,0.997094,0.002906
SEG-048,24,0.996967,0.003033
SEG-048,25,0.99684,0.00316
SEG-048,26,0.996714,0.003286
SEG-048,27,0.996587,0.003413
SEG-048,28,0.99646,0.00354
SEG-048,29,0.996333,0.003667
SEG-048,30,0.996206,0.003794
SEG-049,1,0.999842,0.000158
SEG-049,2,0.999685,0.000315
SEG-049,3,0.999527,0.000473
SEG-049,4,0.999369,0.000631
SEG-049,5,0.999211,0.000789
SEG-049,6,0.999053,0.000947
SEG-049,7,0.998896,0.001104
SEG-049,8,0.998738,0.001262
SEG-049,9,0.99858,0.00142
SEG-049,10,0.998422,0.001578
SEG-049,11,0.998264,0.001736
SEG-049,12,0.998106,0.001894
SEG-049,13,0.997948,0.002052
SEG-049,14,0.99779,0.00221
SEG-049,15,0.997632,0.002368
SEG-049,16,0.997474,0.002526
SEG-049,17,0.997315,0.002685
SEG-049,18,0.997157,0.002843
SEG-049,19,0.996999,0.003001
SEG-049,20,0.996841,0.003159
SEG-049,21,0.996682,0.003318
SEG-049,22,0.996524,0.003476
SEG-049,23,0.996366,0.003634
SEG-049,24,0.996208,0.003792
SEG-049,25,0.996049,0.003951
SEG-049,26,0.995891,0.004109
SEG-049,27,0.995732,0.004268
SEG-049,28,0.995574,0.004426
SEG-049,29,0.995415,0.004585
SEG-049,30,0.995257,0.004743
SEG-050,1,0.999886,0.000114
SEG-050,2,0.999771,0.000229
SEG-050,3,0.999656,0.000344
SEG-050,4,0.999542,0.000458
SEG-050,5,0.999427,0.000573
SEG-050,6,0.999313,0.000687
SEG-050,7,0.999198,0.000802
SEG-050,8,0.999083,0.000917
SEG-050,9,0.998969,0.001031
SEG-050,10,0.998854,0.001146
SEG-050,11,0.998739,0.001261
SEG-050,12,0.998624,0.001376
SEG-050,13,0.99851,0.00149
SEG-050,14,0.998395,0.001605
SEG-050,15,0.99828,0.00172
SEG-050,16,0.998165,0.001835
SEG-050,17,0.99805,0.00195
SEG-050,18,0.997935,0.002065
SEG-050,19,0.99782,0.00218
SEG-050,20,0.997705,0.002295
SEG-050,21,0.99759,0.00241
SEG-050,22,0.997475,0.002525
SEG-050,23,0.99736,0.00264
SEG-050,24,0.997245,0.002755
SEG-050,25,0.99713,0.00287
SEG-050,26,0.997015,0.002985
SEG-050,27,0.9969,0.0031
SEG-050,28,0.996785,0.003215
SEG-050,29,0.996669,0.003331
SEG-050,30,0.996554,0.003446
SEG-051,1,0.999953,4.7e-05
SEG-051,2,0.999906,9.4e-05
SEG-051,3,0.999859,0.000141
SEG-051,4,0.999812,0.000188
SEG-051,5,0.999765,0.000235
SEG-051,6,0.999718,0.000282
SEG-051,7,0.999671,0.000329
SEG-051,8,0.999624,0.000376
SEG-051,9,0.999577,0.000423
SEG-051,10,0.999529,0.000471
SEG-051,11,0.999482,0.000518
SEG-051,12,0.999435,0.000565
SEG-051,13,0.999388,0.000612
SEG-051,14,0.999341,0.000659
SEG-051,15,0.999294,0.000706
SEG-051,16,0.999247,0.000753
SEG-051,17,0.999199,0.000801
SEG-051,18,0.999152,0.000848
SEG-051,19,0.999105,0.000895
SEG-051,20,0.999058,0.000942
SEG-051,21,0.99901,0.00099
SEG-051,22,0.998963,0.001037
SEG-051,23,0.998916,0.001084
SEG-051,24,0.998868,0.001132
SEG-051,25,0.998821,0.001179
SEG-051,26,0.998774,0.001226
SEG-051,27,0.998726,0.001274
SEG-051,28,0.998679,0.001321
SEG-051,29,0.998632,0.001368
SEG-051,30,0.998584,0.001416
SEG-052,1,0.999887,0.000113
SEG-052,2,0.999773,0.000227
SEG-052,3,0.99966,0.00034
SEG-052,4,0.999546,0.000454
SEG-052,5,0.999433,0.000567
SEG-052,6,0.999319,0.000681
SEG-052,7,0.999206,0.000794
SEG-052,8,0.999092,0.000908
SEG-052,9,0.998979,0.001021
SEG-052,10,0.998865,0.001135
SEG-052,11,0.998752,0.001248
SEG-052,12,0.998638,0.001362
SEG-052,13,0.998524,0.001476
SEG-052,14,0.998411,0.001589
SEG-052,15,0.998297,0.001703
SEG-052,16,0.998183,0.001817
SEG-052,17,0.998069,0.001931
SEG-052,18,0.997956,0.002044
SEG-052,19,0.997842,0.002158
SEG-052,20,0.997728,0.002272
SEG-052,21,0.997614,0.002386
SEG-052,22,0.9975,0.0025
SEG-052,23,0.997386,0.002614
SEG-052,24,0.997272,0.002728
SEG-052,25,0.997158,0.002842
SEG-052,26,0.997044,0.002956
SEG-052,27,0.99693,0.00307
SEG-052,28,0.996816,0.003184
SEG-052,29,0.996702,0.003298
SEG-052,30,0.996588,0.003412
SEG-053,1,0.999735,0.000265
SEG-053,2,0.99947,0.00053
SEG-053,3,0.999204,0.000796
SEG-053,4,0.998939,0.001061
SEG-053,5,0.998674,0.001326
SEG-053,6,0.998409,0.001591
SEG-053,7,0.998143,0.001857
SEG-053,8,0.997878,0.002122
SEG-053,9,0.997613,0.002387
SEG-053,10,0.997347,0.002653
SEG-053,11,0.997082,0.002918
SEG-053,12,0.996817,0.003183
SEG-053,13,0.996551,0.003449
SEG-053,14,0.996286,0.003714
SEG-053,15,0.99602,0.00398
SEG-053,16,0.995755,0.004245
SEG-053,17,0.99549,0.00451
SEG-053,18,0.995224,0.004776
SEG-053,19,0.994959,0.005041
SEG-053,20,0.994693,0.005307
SEG-053,21,0.994427,0.005573
SEG-053,22,0.994162,0.005838
SEG-053,23,0.993896,0.006104
SEG-053,24,0.993631,0.006369
SEG-053,25,0.993365,0.006635
SEG-053,26,0.993099,0.006901
SEG-053,27,0.992834,0.007166
SEG-053,28,0.992568,0.007432
SEG-053,29,0.992302,0.007698
SEG-053,30,0.992037,0.007963
SEG-054,1,0.999873,0.000127
SEG-054,2,0.999747,0.000253
SEG-054,3,0.99962,0.00038
SEG-054,4,0.999493,0.000507
SEG-054,5,0.999367,0.000633
SEG-054,6,0.99924,0.00076
SEG-054,7,0.999113,0.000887
SEG-054,8,0.998986,0.001014
SEG-054,9,0.998859,0.001141
SEG-054,10,0.998733,0.001267
SEG-054,11,0.998606,0.001394
SEG-054,12,0.998479,0.001521
SEG-054,13,0.998352,0.001648
SEG-054,14,0.998225,0.001775
SEG-054,15,0.998098,0.001902
SEG-054,16,0.997971,0.002029
SEG-054,17,0.997844,0.002156
SEG-054,18,0.997717,0.002283
SEG-054,19,0.997589,0.002411
SEG-054,20,0.997462,0.002538
SEG-054,21,0.997335,0.002665
SEG-054,22,0.997208,0.002792
SEG-054,23,0.997081,0.002919
SEG-054,24,0.996953,0.003047
SEG-054,25,0.996826,0.003174
SEG-054,26,0.996699,0.003301
SEG-054,27,0.996572,0.003428
SEG-054,28,0.996444,0.003556
SEG-054,29,0.996317,0.003683
SEG-054,30,0.996189,0.003811
SEG-055,1,0.99964,0.00036
SEG-055,2,0.99928,0.00072
SEG-055,3,0.998921,0.001079
SEG-055,4,0.998561,0.001439
SEG-055,5,0.998201,0.001799
SEG-055,6,0.997841,0.002159
SEG-055,7,0.997481,0.002519
SEG-055,8,0.997122,0.002878
SEG-055,9,0.996762,0.003238
SEG-055,10,0.996402,0.003598
SEG-055,11,0.996042,0.003958
SEG-055,12,0.995683,0.004317
SEG-055,13,0.995323,0.004677
SEG-055,14,0.994963,0.005037
SEG-055,15,0.994603,0.005397
SEG-055,16,0.994244,0.005756
SEG-055,17,0.993884,0.006116
SEG-055,18,0.993524,0.006476
SEG-055,19,0.993164,0.006836
SEG-055,20,0.992805,0.007195
SEG-055,21,0.992445,0.007555
SEG-055,22,0.992085,0.007915
SEG-055,23,0.991726,0.008274
SEG-055,24,0.991366,0.008634
SEG-055,25,0.991006,0.008994
SEG-055,26,0.990647,0.009353
SEG-055,27,0.990287,0.009713
SEG-055,28,0.989928,0.010072
SEG-055,29,0.989568,0.010432
SEG-055,30,0.989208,0.010792
SEG-056,1,0.999803,0.000197
SEG-056,2,0.999606,0.000394
SEG-056,3,0.999409,0.000591
SEG-056,4,0.999212,0.000788
SEG-056,5,0.999015,0.000985
SEG-056,6,0.998818,0.001182
SEG-056,7,0.99862,0.00138
SEG-056,8,0.998423,0.001577
SEG-056,9,0.998226,0.001774
SEG-056,10,0.998029,0.001971
SEG-056,11,0.997832,0.002168
SEG-056,12,0.997634,0.002366
SEG-056,13,0.997437,0.002563
SEG-056,14,0.99724,0.00276
SEG-056,15,0.997042,0.002958
SEG-056,16,0.996845,0.003155
SEG-056,17,0.996647,0.003353
SEG-056,18,0.99645,0.00355
SEG-056,19,0.996252,0.003748
SEG-056,20,0.996055,0.003945
SEG-056,21,0.995857,0.004143
SEG-056,22,0.99566,0.00434
SEG-056,23,0.995462,0.004538
SEG-056,24,0.995264,0.004736
SEG-056,25,0.995067,0.004933
SEG-056,26,0.994869,0.005131
SEG-056,27,0.994671,0.005329
SEG-056,28,0.994474,0.005526
SEG-056,29,0.994276,0.005724
SEG-056,30,0.994078,0.005922
SEG-057,1,0.999861,0.000139
SEG-057,2,0.999721,0.000279
SEG-057,3,0.999582,0.000418
SEG-057,4,0.999443,0.000557
SEG-057,5,0.999303,0.000697
SEG-057,6,0.999164,0.000836
SEG-057,7,0.999024,0.000976
SEG-057,8,0.998885,0.001115
SEG-057,9,0.998745,0.001255
SEG-057,10,0.998605,0.001395
SEG-057,11,0.998466,0.001534
SEG-057,12,0.998326,0.001674
SEG-057,13,0.998186,0.001814
SEG-057,14,0.998047,0.001953
SEG-057,15,0.997907,0.002093
SEG-057,16,0.997767,0.002233
SEG-057,17,0.997628,0.002372
SEG-057,18,0.997488,0.002512
SEG-057,19,0.997348,0.002652
SEG-057,20,0.997208,0.002792
SEG-057,21,0.997068,0.002932
SEG-057,22,0.996928,0.003072
SEG-057,23,0.996788,0.003212
SEG-057,24,0.996648,0.003352
SEG-057,25,0.996508,0.003492
SEG-057,26,0.996368,0.003632
SEG-057,27,0.996228,0.003772
SEG-057,28,0.996088,0.003912
SEG-057,29,0.995948,0.004052
SEG-057,30,0.995808,0.004192
SEG-058,1,0.999851,0.000149
SEG-058,2,0.999703,0.000297
SEG-058,3,0.999554,0.000446
SEG-058,4,0.999406,0.000594
SEG-058,5,0.999257,0.000743
SEG-058,6,0.999109,0.000891
SEG-058,7,0.99896,0.00104
SEG-058,8,0.998811,0.001189
SEG-058,9,0.998662,0.001338
SEG-058,10,0.998514,0.001486
SEG-058,11,0.998365,0.001635
SEG-058,12,0.998216,0.001784
SEG-058,13,0.998067,0.001933
SEG-058,14,0.997918,0.002082
SEG-058,15,0.997769,0.002231
SEG-058,16,0.99762,0.00238
SEG-058,17,0.997471,0.002529
SEG-058,18,0.997323,0.002677
SEG-058,19,0.997173,0.002827
SEG-058,20,0.997024,0.002976
SEG-058,21,0.996875,0.003125
SEG-058,22,0.996726,0.003274
SEG-058,23,0.996577,0.003423
SEG-058,24,0.996428,0.003572
SEG-058,25,0.996279,0.003721
SEG-058,26,0.99613,0.00387
SEG-058,27,0.99598,0.00402
SEG-058,28,0.995831,0.004169
SEG-058,29,0.995682,0.004318
SEG-058,30,0.995532,0.004468
SEG-059,1,0.999958,4.2e-05
SEG-059,2,0.999916,8.4e-05
SEG-059,3,0.999874,0.000126
SEG-059,4,0.999832,0.000168
SEG-059,5,0.99979,0.00021
SEG-059,6,0.999748,0.000252
SEG-059,7,0.999706,0.000294
SEG-059,8,0.999664,0.000336
SEG-059,9,0.999622,0.000378
SEG-059,10,0.99958,0.00042
SEG-059,11,0.999538,0.000462
SEG-059,12,0.999496,0.000504
SEG-059,13,0.999454,0.000546
SEG-059,14,0.999412,0.000588
SEG-059,15,0.99937,0.00063
SEG-059,16,0.999328,0.000672
SEG-059,17,0.999286,0.000714
SEG-059,18,0.999244,0.000756
SEG-059,19,0.999202,0.000798
SEG-059,20,0.99916,0.00084
SEG-059,21,0.999117,0.000883
SEG-059,22,0.999075,0.000925
SEG-059,23,0.999033,0.000967
SEG-059,24,0.998991,0.001009
SEG-059,25,0.998949,0.001051
SEG-059,26,0.998906,0.001094
SEG-059,27,0.998864,0.001136
SEG-059,28,0.998822,0.001178
SEG-059,29,0.99878,0.00122
SEG-059,30,0.998737,0.001263
SEG-060,1,0.99971,0.00029
SEG-060,2,0.99942,0.00058
SEG-060,3,0.99913,0.00087
SEG-060,4,0.99884,0.00116
SEG-060,5,0.998549,0.001451
SEG-060,6,0.998259,0.001741
SEG-060,7,0.997969,0.002031
SEG-060,8,0.997679,0.002321
SEG-060,9,0.997389,0.002611
SEG-060,10,0.997098,0.002902
SEG-060,11,0.996808,0.003192
SEG-060,12,0.996518,0.003482
SEG-060,13,0.996228,0.003772
SEG-060,14,0.995937,0.004063
SEG-060,15,0.995647,0.004353
SEG-060,16,0.995357,0.004643
SEG-060,17,0.995066,0.004934
SEG-060,18,0.994776,0.005224
SEG-060,19,0.994486,0.005514
SEG-060,20,0.994195,0.005805
SEG-060,21,0.993905,0.006095
SEG-060,22,0.993614,0.006386
SEG-060,23,0.993324,0.006676
SEG-060,24,0.993034,0.006966
SEG-060,25,0.992743,0.007257
SEG-060,26,0.992453,0.007547
SEG-060,27,0.992162,0.007838
SEG-060,28,0.991872,0.008128
SEG-060,29,0.991581,0.008419
SEG-060,30,0.991291,0.008709
SEG-061,1,0.999599,0.000401
SEG-061,2,0.999198,0.000802
SEG-061,3,0.998798,0.001202
SEG-061,4,0.998397,0.001603
SEG-061,5,0.997996,0.002004
SEG-061,6,0.997595,0.002405
SEG-061,7,0.997195,0.002805
SEG-061,8,0.996794,0.003206
SEG-061,9,0.996393,0.003607
SEG-061,10,0.995993,0.004007
SEG-061,11,0.995592,0.004408
SEG-061,12,0.995191,0.004809
SEG-061,13,0.994791,0.005209
SEG-061,14,0.99439,0.00561
SEG-061,15,0.99399,0.00601
SEG-061,16,0.993589,0.006411
SEG-061,17,0.993189,0.006811
SEG-061,18,0.992788,0.007212
SEG-061,19,0.992388,0.007612
SEG-061,20,0.991988,0.008012
SEG-061,21,0.991587,0.008413
SEG-061,22,0.991187,0.008813
SEG-061,23,0.990787,0.009213
SEG-061,24,0.990386,0.009614
SEG-061,25,0.989986,0.010014
SEG-061,26,0.989586,0.010414
SEG-061,27,0.989186,0.010814
SEG-061,28,0.988786,0.011214
SEG-061,29,0.988385,0.011615
SEG-061,30,0.987985,0.012015
SEG-062,1,0.999775,0.000225
SEG-062,2,0.999549,0.000451
SEG-062,3,0.999324,0.000676
SEG-062,4,0.999098,0.000902
SEG-062,5,0.998873,0.001127
SEG-062,6,0.998648,0.001352
SEG-062,7,0.998422,0.001578
SEG-062,8,0.998197,0.001803
SEG-062,9,0.997971,0.002029
SEG-062,10,0.997745,0.002255
SEG-062,11,0.99752,0.00248
SEG-062,12,0.997294,0.002706
SEG-062,13,0.997069,0.002931
SEG-062,14,0.996843,0.003157
SEG-062,15,0.996617,0.003383
SEG-062,16,0.996391,0.003609
SEG-062,17,0.996166,0.003834
SEG-062,18,0.99594,0.00406
SEG-062,19,0.995714,0.004286
SEG-062,20,0.995488,0.004512
SEG-062,21,0.995262,0.004738
SEG-062,22,0.995036,0.004964
SEG-062,23,0.994811,0.005189
SEG-062,24,0.994585,0.005415
SEG-062,25,0.994359,0.005641
SEG-062,26,0.994133,0.005867
SEG-062,27,0.993907,0.006093
SEG-062,28,0.993681,0.006319
SEG-062,29,0.993455,0.006545
SEG-062,30,0.993229,0.006771
SEG-063,1,0.999708,0.000292
SEG-063,2,0.999417,0.000583
SEG-063,3,0.999125,0.000875
SEG-063,4,0.998834,0.001166
SEG-063,5,0.998542,0.001458
SEG-063,6,0.998251,0.001749
SEG-063,7,0.997959,0.002041
SEG-063,8,0.997667,0.002333
SEG-063,9,0.997376,0.002624
SEG-063,10,0.997084,0.002916
SEG-063,11,0.996793,0.003207
SEG-063,12,0.996501,0.003499
SEG-063,13,0.996209,0.003791
SEG-063,14,0.995917,0.004083
SEG-063,15,0.995626,0.004374
SEG-063,16,0.995334,0.004666
SEG-063,17,0.995042,0.004958
SEG-063,18,0.99475,0.00525
SEG-063,19,0.994459,0.005541
SEG-063,20,0.994167,0.005833
SEG-063,21,0.993875,0.006125
SEG-063,22,0.993583,0.006417
SEG-063,23,0.993292,0.006708
SEG-063,24,0.993,0.007
SEG-063,25,0.992708,0.007292
SEG-063,26,0.992416,0.007584
SEG-063,27,0.992124,0.007876
SEG-063,28,0.991832,0.008168
SEG-063,29,0.99154,0.00846
SEG-063,30,0.991248,0.008752
SEG-064,1,0.999454,0.000546
SEG-064,2,0.998907,0.001093
SEG-064,3,0.998361,0.001639
SEG-064,4,0.997815,0.002185
SEG-064,5,0.997269,0.002731
SEG-064,6,0.996723,0.003277
SEG-064,7,0.996178,0.003822
SEG-064,8,0.995632,0.004368
SEG-064,9,0.995086,0.004914
SEG-064,10,0.994541,0.005459
SEG-064,11,0.993996,0.006004
SEG-064,12,0.993451,0.006549
SEG-064,13,0.992905,0.007095
SEG-064,14,0.992361,0.007639
SEG-064,15,0.991816,0.008184
SEG-064,16,0.991271,0.008729
SEG-064,17,0.990726,0.009274
SEG-064,18,0.990182,0.009818
SEG-064,19,0.989638,0.010362
SEG-064,20,0.989093,0.010907
SEG-064,21,0.988549,0.011451
SEG-064,22,0.988005,0.011995
SEG-064,23,0.987461,0.012539
SEG-064,24,0.986917,0.013083
SEG-064,25,0.986374,0.013626
SEG-064,26,0.98583,0.01417
SEG-064,27,0.985287,0.014713
SEG-064,28,0.984743,0.015257
SEG-064,29,0.9842,0.0158
SEG-064,30,0.983657,0.016343
SEG-065,1,0.99928,0.00072
SEG-065,2,0.99856,0.00144
SEG-065,3,0.99784,0.00216
SEG-065,4,0.997121,0.002879
SEG-065,5,0.996402,0.003598
SEG-065,6,0.995683,0.004317
SEG-065,7,0.994965,0.005035
SEG-065,8,0.994247,0.005753
SEG-065,9,0.993529,0.006471
SEG-065,10,0.992811,0.007189
SEG-065,11,0.992093,0.007907
SEG-065,12,0.991376,0.008624
SEG-065,13,0.990659,0.009341
SEG-065,14,0.989943,0.010057
SEG-065,15,0.989227,0.010773
SEG-065,16,0.98851,0.01149
SEG-065,17,0.987795,0.012205
SEG-065,18,0.987079,0.012921
SEG-065,19,0.986364,0.013636
SEG-065,20,0.985649,0.014351
SEG-065,21,0.984934,0.015066
SEG-065,22,0.98422,0.01578
SEG-065,23,0.983506,0.016494
SEG-065,24,0.982792,0.017208
SEG-065,25,0.982079,0.017921
SEG-065,26,0.981365,0.018635
SEG-065,27,0.980652,0.019348
SEG-065,28,0.97994,0.02006
SEG-065,29,0.979227,0.020773
SEG-065,30,0.978515,0.021485
SEG-066,1,0.999406,0.000594
SEG-066,2,0.998812,0.001188
SEG-066,3,0.998218,0.001782
SEG-066,4,0.997624,0.002376
SEG-066,5,0.99703,0.00297
SEG-066,6,0.996436,0.003564
SEG-066,7,0.995843,0.004157
SEG-066,8,0.99525,0.00475
SEG-066,9,0.994657,0.005343
SEG-066,10,0.994064,0.005936
SEG-066,11,0.993471,0.006529
SEG-066,12,0.992878,0.007122
SEG-066,13,0.992286,0.007714
SEG-066,14,0.991693,0.008307
SEG-066,15,0.991101,0.008899
SEG-066,16,0.990509,0.009491
SEG-066,17,0.989917,0.010083
SEG-066,18,0.989325,0.010675
SEG-066,19,0.988734,0.011266
SEG-066,20,0.988142,0.011858
SEG-066,21,0.987551,0.012449
SEG-066,22,0.98696,0.01304
SEG-066,23,0.986369,0.013631
SEG-066,24,0.985778,0.014222
SEG-066,25,0.985188,0.014812
SEG-066,26,0.984597,0.015403
SEG-066,27,0.984007,0.015993
SEG-066,28,0.983417,0.016583
SEG-066,29,0.982827,0.017173
SEG-066,30,0.982237,0.017763
SEG-067,1,0.999805,0.000195
SEG-067,2,0.999611,0.000389
SEG-067,3,0.999416,0.000584
SEG-067,4,0.999221,0.000779
SEG-067,5,0.999027,0.000973
SEG-067,6,0.998832,0.001168
SEG-067,7,0.998637,0.001363
SEG-067,8,0.998442,0.001558
SEG-067,9,0.998247,0.001753
SEG-067,10,0.998052,0.001948
SEG-067,11,0.997857,0.002143
SEG-067,12,0.997662,0.002338
SEG-067,13,0.997467,0.002533
SEG-067,14,0.997272,0.002728
SEG-067,15,0.997077,0.002923
SEG-067,16,0.996882,0.003118
SEG-067,17,0.996687,0.003313
SEG-067,18,0.996492,0.003508
SEG-067,19,0.996297,0.003703
SEG-067,20,0.996102,0.003898
SEG-067,21,0.995907,0.004093
SEG-067,22,0.995711,0.004289
SEG-067,23,0.995516,0.004484
SEG-067,24,0.995321,0.004679
SEG-067,25,0.995126,0.004874
SEG-067,26,0.99493,0.00507
SEG-067,27,0.994735,0.005265
SEG-067,28,0.994539,0.005461
SEG-067,29,0.994344,0.005656
SEG-067,30,0.994149,0.005851
SEG-068,1,0.999778,0.000222
SEG-068,2,0.999555,0.000445
SEG-068,3,0.999333,0.000667
SEG-068,4,0.99911,0.00089
SEG-068,5,0.998887,0.001113
SEG-068,6,0.998665,0.001335
SEG-068,7,0.998442,0.001558
SEG-068,8,0.99822,0.00178
SEG-068,9,0.997997,0.002003
SEG-068,10,0.997774,0.002226
SEG-068,11,0.997551,0.002449
SEG-068,12,0.997329,0.002671
SEG-068,13,0.997106,0.002894
SEG-068,14,0.996883,0.003117
SEG-068,15,0.99666,0.00334
SEG-068,16,0.996437,0.003563
SEG-068,17,0.996215,0.003785
SEG-068,18,0.995992,0.004008
SEG-068,19,0.995769,0.004231
SEG-068,20,0.995546,0.004454
SEG-068,21,0.995323,0.004677
SEG-068,22,0.9951,0.0049
SEG-068,23,0.994877,0.005123
SEG-068,24,0.994654,0.005346
SEG-068,25,0.994431,0.005569
SEG-068,26,0.994207,0.005793
SEG-068,27,0.993984,0.006016
SEG-068,28,0.993761,0.006239
SEG-068,29,0.993538,0.006462
SEG-068,30,0.993315,0.006685
SEG-069,1,0.999926,7.4e-05
SEG-069,2,0.999852,0.000148
SEG-069,3,0.999778,0.000222
SEG-069,4,0.999703,0.000297
SEG-069,5,0.999629,0.000371
SEG-069,6,0.999555,0.000445
SEG-069,7,0.999481,0.000519
SEG-069,8,0.999407,0.000593
SEG-069,9,0.999332,0.000668
SEG-069,10,0.999258,0.000742
SEG-069,11,0.999184,0.000816
SEG-069,12,0.999109,0.000891
SEG-069,13,0.999035,0.000965
SEG-069,14,0.998961,0.001039
SEG-069,15,0.998886,0.001114
SEG-069,16,0.998812,0.001188
SEG-069,17,0.998737,0.001263
SEG-069,18,0.998663,0.001337
SEG-069,19,0.998588,0.001412
SEG-069,20,0.998514,0.001486
SEG-069,21,0.998439,0.001561
SEG-069,22,0.998365,0.001635
SEG-069,23,0.99829,0.00171
SEG-069,24,0.998216,0.001784
SEG-069,25,0.998141,0.001859
SEG-069,26,0.998067,0.001933
SEG-069,27,0.997992,0.002008
SEG-069,28,0.997917,0.002083
SEG-069,29,0.997843,0.002157
SEG-069,30,0.997768,0.002232
SEG-070,1,0.999932,6.8e-05
SEG-070,2,0.999864,0.000136
SEG-070,3,0.999796,0.000204
SEG-070,4,0.999728,0.000272
SEG-070,5,0.99966,0.00034
SEG-070,6,0.999592,0.000408
SEG-070,7,0.999523,0.000477
SEG-070,8,0.999455,0.000545
SEG-070,9,0.999387,0.000613
SEG-070,10,0.999319,0.000681
SEG-070,11,0.999251,0.000749
SEG-070,12,0.999182,0.000818
SEG-070,13,0.999114,0.000886
SEG-070,14,0.999046,0.000954
SEG-070,15,0.998978,0.001022
SEG-070,16,0.998909,0.001091
SEG-070,17,0.998841,0.001159
SEG-070,18,0.998773,0.001227
SEG-070,19,0.998704,0.001296
SEG-070,20,0.998636,0.001364
SEG-070,21,0.998568,0.001432
SEG-070,22,0.998499,0.001501
SEG-070,23,0.998431,0.001569
SEG-070,24,0.998362,0.001638
SEG-070,25,0.998294,0.001706
SEG-070,26,0.998225,0.001775
SEG-070,27,0.998157,0.001843
SEG-070,28,0.998088,0.001912
SEG-070,29,0.99802,0.00198
SEG-070,30,0.997951,0.002049
SEG-071,1,0.999732,0.000268
SEG-071,2,0.999463,0.000537
SEG-071,3,0.999195,0.000805
SEG-071,4,0.998926,0.001074
SEG-071,5,0.998658,0.001342
SEG-071,6,0.998389,0.001611
SEG-071,7,0.998121,0.001879
SEG-071,8,0.997852,0.002148
SEG-071,9,0.997583,0.002417
SEG-071,10,0.997315,0.002685
SEG-071,11,0.997046,0.002954
SEG-071,12,0.996778,0.003222
SEG-071,13,0.996509,0.003491
SEG-071,14,0.99624,0.00376
SEG-071,15,0.995972,0.004028
SEG-071,16,0.995703,0.004297
SEG-071,17,0.995434,0.004566
SEG-071,18,0.995165,0.004835
SEG-071,19,0.994897,0.005103
SEG-071,20,0.994628,0.005372
SEG-071,21,0.994359,0.005641
SEG-071,22,0.99409,0.00591
SEG-071,23,0.993821,0.006179
SEG-071,24,0.993552,0.006448
SEG-071,25,0.993283,0.006717
SEG-071,26,0.993015,0.006985
SEG-071,27,0.992746,0.007254
SEG-071,28,0.992477,0.007523
SEG-071,29,0.992208,0.007792
SEG-071,30,0.991939,0.008061
SEG-072,1,0.999654,0.000346
SEG-072,2,0.999308,0.000692
SEG-072,3,0.998962,0.001038
SEG-072,4,0.998616,0.001384
SEG-072,5,0.99827,0.00173
SEG-072,6,0.997923,0.002077
SEG-072,7,0.997577,0.002423
SEG-072,8,0.997231,0.002769
SEG-072,9,0.996885,0.003115
SEG-072,10,0.996539,0.003461
SEG-072,11,0.996193,0.003807
SEG-072,12,0.995847,0.004153
SEG-072,13,0.995501,0.004499
SEG-072,14,0.995155,0.004845
SEG-072,15,0.994809,0.005191
SEG-072,16,0.994463,0.005537
SEG-072,17,0.994117,0.005883
SEG-072,18,0.993771,0.006229
SEG-072,19,0.993425,0.006575
SEG-072,20,0.993079,0.006921
SEG-072,21,0.992733,0.007267
SEG-072,22,0.992387,0.007613
SEG-072,23,0.99204,0.00796
SEG-072,24,0.991694,0.008306
SEG-072,25,0.991348,0.008652
SEG-072,26,0.991002,0.008998
SEG-072,27,0.990656,0.009344
SEG-072,28,0.99031,0.00969
SEG-072,29,0.989964,0.010036
SEG-072,30,0.989618,0.010382
SEG-073,1,0.999875,0.000125
SEG-073,2,0.999749,0.000251
SEG-073,3,0.999623,0.000377
SEG-073,4,0.999498,0.000502
SEG-073,5,0.999372,0.000628
SEG-073,6,0.999247,0.000753
SEG-073,7,0.999121,0.000879
SEG-073,8,0.998995,0.001005
SEG-073,9,0.99887,0.00113
SEG-073,10,0.998744,0.001256
SEG-073,11,0.998618,0.001382
SEG-073,12,0.998492,0.001508
SEG-073,13,0.998367,0.001633
SEG-073,14,0.998241,0.001759
SEG-073,15,0.998115,0.001885
SEG-073,16,0.997989,0.002011
SEG-073,17,0.997863,0.002137
SEG-073,18,0.997737,0.002263
SEG-073,19,0.997611,0.002389
SEG-073,20,0.997485,0.002515
SEG-073,21,0.997359,0.002641
SEG-073,22,0.997233,0.002767
SEG-073,23,0.997107,0.002893
SEG-073,24,0.996981,0.003019
SEG-073,25,0.996855,0.003145
SEG-073,26,0.996729,0.003271
SEG-073,27,0.996603,0.003397
SEG-073,28,0.996476,0.003524
SEG-073,29,0.99635,0.00365
SEG-073,30,0.996224,0.003776
SEG-074,1,0.999595,0.000405
SEG-074,2,0.99919,0.00081
SEG-074,3,0.998785,0.001215
SEG-074,4,0.99838,0.00162
SEG-074,5,0.997976,0.002024
SEG-074,6,0.997571,0.002429
SEG-074,7,0.997166,0.002834
SEG-074,8,0.996761,0.003239
SEG-074,9,0.996357,0.003643
SEG-074,10,0.995952,0.004048
SEG-074,11,0.995547,0.004453
SEG-074,12,0.995143,0.004857
SEG-074,13,0.994738,0.005262
SEG-074,14,0.994333,0.005667
SEG-074,15,0.993929,0.006071
SEG-074,16,0.993524,0.006476
SEG-074,17,0.99312,0.00688
SEG-074,18,0.992715,0.007285
SEG-074,19,0.992311,0.007689
SEG-074,20,0.991906,0.008094
SEG-074,21,0.991502,0.008498
SEG-074,22,0.991098,0.008902
SEG-074,23,0.990693,0.009307
SEG-074,24,0.990289,0.009711
SEG-074,25,0.989885,0.010115
SEG-074,26,0.989481,0.010519
SEG-074,27,0.989076,0.010924
SEG-074,28,0.988672,0.011328
SEG-074,29,0.988268,0.011732
SEG-074,30,0.987864,0.012136
SEG-075,1,0.999503,0.000497
SEG-075,2,0.999005,0.000995
SEG-075,3,0.998508,0.001492
SEG-075,4,0.998011,0.001989
SEG-075,5,0.997514,0.002486
SEG-075,6,0.997017,0.002983
SEG-075,7,0.99652,0.00348
SEG-075,8,0.996023,0.003977
SEG-075,9,0.995526,0.004474
SEG-075,10,0.995029,0.004971
SEG-075,11,0.994532,0.005468
SEG-075,12,0.994036,0.005964
SEG-075,13,0.993539,0.006461
SEG-075,14,0.993043,0.006957
SEG-075,15,0.992547,0.007453
SEG-075,16,0.99205,0.00795
SEG-075,17,0.991554,0.008446
SEG-075,18,0.991058,0.008942
SEG-075,19,0.990562,0.009438
SEG-075,20,0.990066,0.009934
SEG-075,21,0.98957,0.01043
SEG-075,22,0.989074,0.010926
SEG-075,23,0.988579,0.011421
SEG-075,24,0.988083,0.011917
SEG-075,25,0.987587,0.012413
SEG-075,26,0.987092,0.012908
SEG-075,27,0.986597,0.013403
SEG-075,28,0.986101,0.013899
SEG-075,29,0.985606,0.014394
SEG-075,30,0.985111,0.014889
